{
  "vocab_size": 30000,
  "max_len": 400,
  "test_accuracy": 0.9531770348548889,
  "test_loss": 0.12292153388261795
}